N,ms_jacobi_seq,ms_jacobi_par,ms_gs_par,ms_csr_seq,ms_csr_static,ms_csr_dynamic,ms_dense_seq,ms_dense_par
200,73.9031,8.65563,4.16781,0.00141847,0.00402791,0.0089237,0.0271033,0.176888
500,403.618,41.366,26.5586,0.00321753,0.00435639,0.0177003,0.177769,0.664076
1000,1527.34,169.408,96.3053,0.00641119,0.0047616,0.029678,0.783889,2.45472
2000,5646.89,697.86,360.827,0.0132006,0.0206033,0.0556654,3.1339,9.68998
3000,13019.3,1407.78,817.685,0.0208396,0.00792962,0.0743259,7.12031,22.5932
4000,24253.2,2503.44,1342.11,0.0268146,0.00978936,0.0959941,12.5263,41.6829
