N,ms_classic,ms_parallel,speedup
200,54.5305,8.92221,6.11177
500,317.298,44.2416,7.17194
1000,1192.49,162.279,7.34841
2000,3926.6,644.355,6.09384
4000,14876.9,2583.85,5.75764
