N,ms_sequential,ms_static,ms_dynamic,speedup_static,speedup_dynamic
500,0.004407,2.26901,0.0366041,0.00194225,0.120396
1000,0.0075918,0.00439655,0.0333844,1.72676,0.227406
2000,0.0160008,0.00610765,0.0551017,2.61979,0.290386
4000,0.0237113,0.0169681,0.124587,1.39741,0.190319
8000,0.0505166,0.0255481,0.238028,1.97731,0.21223
16000,0.129116,0.0933156,0.34557,1.38365,0.373633
