N,threads,ms,speedup
8000,1,0.0557827,1
8000,2,0.0606017,0.920481
8000,4,0.0359615,1.55118
8000,8,0.020289,2.74941
8000,16,0.0265818,2.09853
